date,year,day_number,ID_NR,sex,merking,age_class,age_for_analyses,lat,long,z_length,s_length,girth,condition,cub_status,cub_number,cub_number_2
1992-04-12,1992,103,7814,f,n,ad,5,77.333,"15,150",195,182,103,3,n,0,0
1992-04-12,1992,103,7815,f,n,ad,6,77.050,"16,383",204,191,114,3,n,0,0
1992-04-13,1992,104,7819,f,n,ad,5,77.233,"17,433",205,194,102,3,n,0,0
1992-04-14,1992,105,7825,f,n,ad,7,77.700,"18,300",217,195,112,4,n,0,0
1992-04-14,1992,105,7826,f,n,ad,15,77.583,"18,383",205,189,117,3,c,2,4
1992-04-15,1992,106,7788,f,r,subad,4,77.900,"18,400",195,185,1135,3,n,0,0
1992-04-27,1992,118,7829,f,n,ad,9,76.950,"16,250",202,185,99,3,n,0,0
1992-04-29,1992,120,7832,f,n,ad,15,77.001,"15,544",212,190,108,4,n,0,0
1993-04-07,1993,97,7847,f,r,ad,9,77.000,"16,000",213,198,111,2,n,0,0
1993-04-09,1993,99,7768,f,r,ad,13,78.330,"18,690",205,180,NA,4,n,0,0
1993-04-09,1993,99,7838,f,r,ad,14,78.510,"18,900",205,184,104,2,n,0,0
1993-04-11,1993,101,7792,f,r,ad,6,77.518,"18,354",203,182,105,3,n,0,0
1993-04-12,1993,102,7857,f,n,ad,8,77.336,"22,584",211,196,106,2,c,2,4
1993-04-12,1993,102,7860,f,n,ad,6,77.902,"23,519",210,192,112,2,c,2,4
1993-04-12,1993,102,7863,f,n,ad,10,78.224,"21,667",214,195,113,2,c,2,4
1993-04-13,1993,103,7793,f,r,ad,12,78.341,"20,633",220,210,117,3,c,2,4
1993-04-16,1993,106,7773,f,r,ad,6,78.526,"19,253",206,199,110,3,n,0,0
1993-04-16,1993,106,7817,f,r,ad,12,77.021,"17,309",217,203,112,3,n,0,0
1993-04-29,1993,119,7822,f,r,ad,11,77.730,"18,400",204,193,107,3,c,2,4
1993-04-30,1993,120,7789,f,r,ad,6,78.550,"19,250",200,187,102,3,n,0,0
1993-04-30,1993,120,7877,f,n,ad,5,77.800,"18,550",205,194,102,3,n,0,0
1994-03-29,1994,88,7951,f,n,ad,7,79.515,"13,701",206,202,135,3,c,2,4
1994-04-09,1994,99,7884,f,n,ad,8,77.494,"26,010",207,198,113,2,n,0,0
1994-04-14,1994,104,7887,f,n,ad,6,76.520,"25,050",202,194,115,2,c,1,1
1994-04-14,1994,104,7889,f,n,ad,7,76.520,"25,050",207,200,123,3,c,2,4
1994-04-19,1994,109,7893,f,n,ad,13,76.521,"25,064",209,202,117,3,c,2,4
1995-03-29,1995,88,7907,f,n,ad,12,76.670,"25,420",191,185,NA,3,n,0,0
1995-03-30,1995,89,7909,f,n,ad,5,76.670,"25,433",199,191,117,3,n,0,0
1995-03-30,1995,89,7911,f,n,ad,8,76.683,"25,457",204,197,115,3,n,0,0
1995-03-30,1995,89,7913,f,n,ad,10,76.530,"25,050",207,198,111,3,n,0,0
1995-03-30,1995,89,7914,f,n,ad,5,76.550,"25,150",199,183,111,2,n,0,0
1995-03-31,1995,90,7915,f,n,ad,7,76.550,"25,150",206,199,115,3,n,0,0
1995-04-04,1995,94,7917,f,n,ad,7,76.550,"25,700",210,198,112,2,n,0,0
1995-04-05,1995,95,7918,f,n,ad,6,76.650,"25,410",205,188,121,3,n,0,0
1995-04-05,1995,95,7919,f,n,ad,6,76.670,"25,450",202,189,111,2,c,2,4
1995-04-08,1995,98,7761,f,r,ad,12,76.700,"25,430",200,195,118,2,c,2,4
1995-04-08,1995,98,7928,f,n,ad,8,76.700,"25,440",198,187,108,2,c,2,4
1995-04-10,1995,100,7934,f,n,ad,5,76.500,"25,950",201,190,111,2,n,0,0
1995-04-11,1995,101,7935,f,n,ad,7,76.520,"25,100",200,188,125,2,c,1,1
1995-04-11,1995,101,7937,f,n,ad,8,76.700,"25,450",211,197,110,2,c,2,4
1995-04-11,1995,101,7940,f,n,ad,6,76.500,"24,950",202,188,120,2,c,2,4
1995-04-12,1995,102,7944,f,n,ad,10,76.510,"25,100",200,190,111,2,c,2,4
1995-04-20,1995,110,7949,f,n,ad,8,76.510,"25,100",205,185,115,2,c,2,4
1995-04-20,1995,110,7963,f,n,ad,6,76.500,"25,100",204,188,123,2,c,2,4
1995-04-21,1995,111,7966,f,n,ad,7,76.500,"25,100",206,191,112,3,n,0,0
1996-04-02,1996,93,7993,f,n,ad,14,76.700,"25,467",195,182,115,3,c,1,1
1996-04-03,1996,94,7997,f,n,ad,7,76.700,"25,450",208,195,108,2,c,2,4
1996-04-04,1996,95,23004,f,n,ad,9,76.680,"25,400",202,191,103,2,c,2,4
1996-04-06,1996,97,23007,f,n,ad,6,76.500,"25,000",199,185,100,2,c,2,4
1996-04-06,1996,97,23010,f,n,ad,14,76.700,"25,467",208,195,123,3,c,2,4
1996-04-07,1996,98,23013,f,n,ad,7,76.683,"25,520",208,190,114,2,c,2,4
1996-04-09,1996,100,23016,f,n,ad,8,76.670,"25,430",201,195,107,2,c,2,4
1996-04-10,1996,101,7940,f,r,ad,7,76.430,"24,510",202,195,111,2,c,2,4
1996-04-12,1996,103,23023,f,n,ad,13,NA,NA,207,195,125,4,n,0,0
1996-04-12,1996,103,23024,f,n,ad,7,76.700,"25,500",212,196,114,2,c,1,1
1996-04-12,1996,103,23026,f,n,ad,10,76.567,"25,267",198,187,119,2,c,2,4
1996-04-13,1996,104,23032,f,n,ad,7,77.200,"24,200",205,195,111,3,c,2,4
1996-04-13,1996,104,23035,f,n,ad,7,76.683,"25,333",208,198,112,2,c,2,4
1996-04-17,1996,108,23039,f,n,ad,6,76.570,"25,270",205,197,109,2,c,2,4
1996-04-19,1996,110,23042,f,n,ad,7,76.700,"25,470",191,183,113,2,c,2,4
1996-04-19,1996,110,23046,f,n,ad,21,76.430,"24,510",211,191,120,3,c,2,4
1996-04-23,1996,114,23049,f,n,ad,9,76.500,"25,510",208,197,111,2,c,2,4
1996-04-23,1996,114,23052,f,n,ad,7,76.670,"25,450",197,182,110,2,c,2,4
1996-04-23,1996,114,23055,f,n,ad,6,76.500,"25,000",197,189,108,2,c,2,4
1996-04-23,1996,114,23058,f,n,ad,6,76.100,"25,510",212,200,109,1,n,0,0
1996-04-29,1996,120,23062,f,n,ad,5,79.250,"15,650",200,190,108,3,n,0,0
1996-05-01,1996,122,23065,f,n,ad,11,77.500,"18,200",205,192,120,3,n,0,0
1997-03-27,1997,86,23071,f,n,ad,22,76.570,"25,130",204,193,119,3,n,0,0
1997-03-28,1997,87,23069,f,n,ad,15,76.600,"25,210",215,205,119,2,n,0,0
1997-04-02,1997,92,23076,f,n,ad,10,76.500,"25,100",213,203,127,4,n,0,0
1997-04-03,1997,93,23077,f,n,ad,6,78.200,"21,970",215,200,122,2,c,2,4
1997-04-05,1997,95,23087,f,n,ad,11,76.500,"25,020",206,194,118,3,n,0,0
1997-04-07,1997,97,7935,f,r,ad,9,76.555,"25,244",199,191,102,2,c,1,1
1997-04-07,1997,97,23089,f,n,ad,26,76.580,"25,180",209,199,116,3,n,0,0
1997-04-08,1997,98,23096,f,n,ad,11,78.150,"22,000",205,199,112,2,c,2,4
1997-04-08,1997,98,23099,f,n,ad,18,78.074,"22,045",212,201,111,2,c,1,1
1997-04-09,1997,99,23052,f,r,ad,8,77.370,"22,400",198,188,112,3,n,0,0
1997-04-09,1997,99,23106,f,n,ad,7,78.150,"21,200",217,207,112,2,c,3,4
1997-04-09,1997,99,23109,f,n,ad,18,76.500,"25,000",221,201,140,4,n,0,0
1997-04-10,1997,100,23111,f,n,ad,6,76.555,"25,086",190,178,108,3,c,1,1
1997-04-14,1997,104,23113,f,n,ad,6,76.456,"24,977",214,202,116,2,c,1,1
1997-04-14,1997,104,23115,f,n,ad,17,76.910,"23,730",210,196,123,3,n,0,0
1997-04-15,1997,105,23120,f,n,ad,13,77.100,"25,170",200,191,116,3,n,0,0
1997-04-17,1997,107,23123,f,n,ad,8,76.460,"24,980",212,202,117,2,c,1,1
1997-04-19,1997,109,23125,f,n,ad,5,77.170,"24,240",205,198,118,3,n,0,0
1997-04-19,1997,109,23128,f,n,ad,9,77.050,"24,330",206,193,126,3,n,0,0
1997-04-19,1997,109,23131,f,n,ad,17,76.830,"24,800",208,193,121,3,n,0,0
1997-04-20,1997,110,23135,f,n,ad,15,76.530,"25,090",213,198,115,3,n,0,0
1997-04-22,1997,112,23137,f,n,ad,5,77.300,"22,650",203,195,116,3,c,1,1
1997-04-22,1997,112,23139,f,n,ad,7,78.060,"22,000",209,197,110,2,c,1,1
1997-04-22,1997,112,23141,f,n,ad,7,78.060,"22,000",202,192,104,2,c,2,4
1997-04-22,1997,112,23145,f,n,ad,5,76.670,"25,400",197,186,110,2,c,1,1
1997-04-25,1997,115,23148,f,n,ad,14,76.500,"25,020",193,185,106,2,c,2,4
1997-05-01,1997,121,23158,f,n,ad,13,76.430,"42,150",208,200,107,2,c,1,1
1997-05-02,1997,122,23165,f,n,ad,8,77.220,"41,800",211,202,112,3,n,0,0
1997-05-02,1997,122,23166,f,n,ad,5,77.630,"41,500",203,192,109,2,n,0,0
1997-05-03,1997,123,23169,f,n,ad,9,77.500,"43,850",202,196,118,3,n,0,0
1997-05-03,1997,123,23170,f,n,ad,7,77.400,"42,800",207,196,108,2,n,0,0
1997-05-04,1997,124,23171,f,n,ad,12,77.270,"41,130",206,191,119,3,n,0,0
1997-05-05,1997,125,23174,f,n,ad,5,77.000,"37,530",210,203,118,2,n,0,0
1997-05-05,1997,125,23175,f,n,ad,22,76.960,"37,300",207,202,117,3,n,0,0
1997-05-05,1997,125,23178,f,n,ad,8,76.840,"36,960",209,195,101,2,n,0,0
1997-05-06,1997,126,23180,f,n,ad,12,76.800,"37,050",203,198,127,4,n,0,0
1998-03-31,1998,90,23184,f,n,ad,17,76.450,"24,930",227,207,138,4,n,0,0
1998-03-31,1998,90,23186,f,n,ad,28,76.530,"25,100",222,206,118,3,n,0,0
1998-04-01,1998,91,7934,f,r,ad,8,77.950,"23,220",207,192,104,2,c,2,4
1998-04-01,1998,91,23189,f,n,ad,11,77.730,"24,780",208,202,112,3,n,0,0
1998-04-01,1998,91,23190,f,n,ad,12,77.880,"24,350",205,194,100,2,c,2,4
1998-04-01,1998,91,23193,f,n,ad,19,77.950,"23,220",205,190,107,2,c,1,1
1998-04-03,1998,93,20072,f,r,ad,14,77.950,"23,220",209,199,122,2,c,1,1
1998-04-05,1998,95,23203,f,n,ad,15,77.470,"21,850",205,193,116,3,n,0,0
1998-04-05,1998,95,23204,f,n,ad,18,77.600,"21,320",208,196,120,2,n,0,0
1998-04-05,1998,95,23205,f,n,ad,13,77.620,"24,070",224,209,130,3,n,0,0
1998-04-09,1998,99,23210,f,n,ad,9,76.780,"26,130",203,193,115,3,n,0,0
1998-04-10,1998,100,23139,f,r,ad,8,76.930,"25,617",211,203,116,3,n,0,0
1998-04-10,1998,100,23216,f,n,ad,9,76.697,"25,510",196,187,122,3,n,0,0
1998-04-11,1998,101,23218,f,n,ad,17,77.988,"23,925",211,196,117,3,n,0,0
1998-04-12,1998,102,23225,f,n,ad,10,76.635,"25,355",213,197,106,3,n,0,0
1998-04-13,1998,103,23226,f,n,ad,12,76.572,"25,163",203,187,117,2,c,2,4
1998-04-13,1998,103,23229,f,n,ad,7,76.695,"25,454",206,192,110,2,c,2,4
1998-04-13,1998,103,23233,f,n,ad,11,77.238,"23,113",201,192,109,3,n,0,0
1998-04-13,1998,103,23237,f,n,ad,21,78.082,"21,065",204,191,106,2,c,1,1
1998-04-14,1998,104,23242,f,n,ad,15,77.550,"23,750",211,200,116,3,c,2,4
1998-04-14,1998,104,23246,f,n,ad,10,76.691,"25,442",206,192,113,2,c,2,4
1998-04-15,1998,105,23249,f,n,ad,14,76.550,"25,157",213,203,116,2,c,2,4
1998-04-15,1998,105,23252,f,n,ad,15,77.402,"23,113",206,194,109,2,c,2,4
1998-04-16,1998,106,23256,f,n,ad,15,76.670,"25,363",209,196,116,3,c,3,4
1998-04-16,1998,106,23260,f,n,ad,6,76.693,"25,433",210,200,107,2,c,1,1
1998-04-16,1998,106,23262,f,n,ad,7,76.703,"25,475",211,193,109,2,c,3,4
1998-04-16,1998,106,23265,f,n,ad,12,77.455,"23,232",218,210,127,3,c,3,4
1998-04-16,1998,106,23269,f,n,ad,14,77.513,"23,757",202,191,107,2,c,1,1
1998-04-16,1998,106,23271,f,n,ad,9,77.948,"22,468",204,193,99,1,c,2,4
1998-04-16,1998,106,23274,f,n,ad,7,78.035,"22,843",203,192,111,2,c,2,4
1998-04-17,1998,107,7790,f,r,ad,10,77.403,"22,477",208,193,101,1,n,0,0
1998-04-17,1998,107,23278,f,n,ad,16,76.633,"25,300",207,197,105,2,c,2,4
1998-04-17,1998,107,23281,f,n,ad,8,76.683,"25,428",205,192,108,2,c,1,1
1998-04-19,1998,109,23285,f,n,ad,5,76.930,"26,882",201,191,106,3,n,0,0
1998-04-21,1998,111,23288,f,n,ad,9,78.152,"22,440",218,202,120,2,c,2,4
1998-04-21,1998,111,23291,f,n,ad,13,77.808,"25,058",200,186,114,2,c,1,1
1998-04-21,1998,111,23293,f,n,ad,14,76.945,"25,498",212,200,120,3,n,0,0
1998-04-23,1998,113,23016,f,r,ad,10,76.711,"25,487",205,195,102,1,c,2,4
1998-04-23,1998,113,23294,f,n,ad,15,76.458,"24,878",226,211,132,3,c,1,1
1998-04-23,1998,113,23296,f,n,ad,24,76.502,"26,260",208,185,105,1,n,0,0
1998-04-29,1998,119,23305,f,n,ad,8,74.338,"37,925",201,194,110,3,n,0,0
1998-04-29,1998,119,23309,f,n,ad,7,74.723,"39,088",209,192,105,2,n,0,0
1998-05-02,1998,122,23313,f,n,ad,11,75.262,"40,845",208,190,114,3,n,0,0
1998-05-04,1998,124,23315,f,n,ad,9,75.705,"41,585",203,197,115,3,n,0,0
1998-05-04,1998,124,23317,f,n,ad,23,75.978,"43,598",211,204,120,3,n,0,0
1998-05-04,1998,124,23319,f,n,ad,12,76.615,"41,058",201,191,107,3,n,0,0
1998-05-07,1998,127,23324,f,n,ad,20,75.957,"39,147",210,194,116,3,n,0,0
1998-05-07,1998,127,23329,f,n,ad,5,75.762,"38,212",191,178,102,3,n,0,0
1998-05-07,1998,127,23330,f,n,ad,14,76.133,"38,150",213,202,122,3,n,0,0
1998-05-08,1998,128,20052,f,r,ad,12,75.902,"37,680",207,193,117,2,c,2,4
1999-03-27,1999,86,23370,f,n,ad,21,76.670,"25,350",215,204,111,2,n,0,0
1999-04-04,1999,94,23103,f,r,ad,22,77.493,"23,673",206,197,109,3,n,0,0
1999-04-04,1999,94,23367,f,n,ad,19,76.575,"25,217",204,198,102,1,c,2,4
1999-04-04,1999,94,23379,f,n,subad,4,77.810,"24,217",202,191,106,3,n,0,0
1999-04-05,1999,95,23384,f,n,ad,7,77.498,"22,542",207,200,109,3,n,0,0
1999-04-13,1999,103,23390,f,n,ad,14,77.960,"23,260",215,197,116,2,c,2,4
1999-04-13,1999,103,23393,f,n,ad,7,78.180,"22,680",202,186,105,2,c,1,1
1999-04-13,1999,103,23395,f,n,ad,13,78.240,"22,250",209,201,105,2,n,0,0
1999-04-13,1999,103,23396,f,n,ad,7,78.290,"22,730",198,191,111,2,n,0,0
1999-04-14,1999,104,23397,f,n,ad,10,78.120,"23,790",209,198,94,1,c,2,4
1999-04-14,1999,104,23401,f,n,ad,22,76.930,"24,450",220,203,108,2,n,0,0
1999-04-14,1999,104,23405,f,n,ad,7,78.080,"25,150",195,182,100,3,n,0,0
1999-04-14,1999,104,23406,f,n,ad,25,77.360,"24,680",207,194,110,2,n,0,0
1999-04-15,1999,105,23413,f,n,ad,9,78.880,"28,170",207,191,101,2,c,2,4
1999-04-15,1999,105,23416,f,n,ad,9,78.900,"28,150",211,197,104,2,c,2,4
1999-04-15,1999,105,23419,f,n,ad,18,78.850,"28,130",221,205,108,2,c,1,1
1999-04-15,1999,105,23421,f,n,ad,9,78.850,"27,930",196,188,99,2,c,1,1
1999-04-18,1999,108,23425,f,n,ad,7,76.600,"25,210",200,189,104,2,c,1,1
2000-03-25,2000,85,23432,f,n,ad,7,77.467,"24,923",204,189,137,3,n,0,0
2000-03-25,2000,85,23437,f,n,ad,9,77.267,"22,772",204,190,103,2,n,0,0
2000-03-26,2000,86,23439,f,n,ad,11,77.703,"27,021",205,193,116,3,n,0,0
2000-03-26,2000,86,23441,f,n,ad,20,77.703,"27,035",208,197,120,3,n,0,0
2000-03-26,2000,86,23443,f,n,ad,14,78.752,"28,238",205,194,118,3,n,0,0
2000-03-26,2000,86,23447,f,n,ad,18,78.852,"27,872",202,190,122,4,n,0,0
2000-03-28,2000,88,23388,f,r,ad,5,76.672,"25,362",212,201,115,3,n,0,0
2000-03-28,2000,88,23448,f,n,ad,17,76.420,"24,768",209,190,121,4,n,0,0
2000-03-28,2000,88,23450,f,n,ad,11,76.420,"24,768",223,205,128,3,n,0,0
2000-03-29,2000,89,23457,f,n,ad,18,76.958,"24,437",209,198,116,2,n,0,0
2000-03-29,2000,89,23459,f,n,ad,13,77.118,"24,088",199,183,111,3,n,0,0
2000-03-30,2000,90,23464,f,n,ad,10,76.692,"25,375",198,189,118,3,n,0,0
2000-04-01,2000,92,23466,f,n,ad,6,76.690,"25,452",205,192,110,3,n,0,0
2000-04-02,2000,93,23177,f,r,ad,7,77.305,"22,608",204,193,106,3,n,0,0
2000-04-02,2000,93,23476,f,n,ad,14,78.205,"19,088",203,196,97,1,c,2,4
2000-04-02,2000,93,23480,f,n,ad,19,77.525,"21,005",217,204,109,2,c,1,1
2000-04-03,2000,94,23203,f,r,ad,17,78.003,"22,723",206,194,111,3,n,0,0
2000-04-03,2000,94,23483,f,n,ad,10,76.733,"25,500",214,201,113,3,n,0,0
2000-04-03,2000,94,23484,f,n,ad,11,78.185,"22,990",209,195,105,2,c,2,4
2000-04-04,2000,95,7863,f,r,ad,17,77.490,"21,768",213,204,110,2,n,0,0
2000-04-04,2000,95,23492,f,n,ad,23,76.506,"25,052",215,204,116,3,n,0,0
2000-04-05,2000,96,7803,f,r,ad,15,77.457,"17,637",210,196,105,2,c,2,4
2000-04-07,2000,98,7729,f,r,ad,20,77.603,"22,973",201,194,113,4,n,0,0
2000-04-07,2000,98,23347,f,r,ad,16,78.023,"23,648",208,198,115,3,c,2,4
2000-04-07,2000,98,23502,f,n,ad,9,77.358,"25,307",202,187,112,3,n,0,0
2000-04-12,2000,103,23509,f,n,ad,19,78.088,"22,758",200,194,98,2,c,2,4
2000-04-13,2000,104,7893,f,r,ad,19,78.842,"28,005",212,199,113,3,n,0,0
2000-04-13,2000,104,23139,f,r,ad,10,78.818,"28,090",208,203,117,4,n,0,0
2000-04-13,2000,104,23514,f,n,ad,10,78.818,"28,090",203,191,103,2,c,2,4
2000-04-13,2000,104,23517,f,n,ad,8,78.900,"28,158",211,198,111,2,c,1,1
2000-04-13,2000,104,23519,f,n,ad,9,78.840,"27,872",207,195,110,2,c,2,4
2000-04-13,2000,104,23522,f,n,ad,7,78.887,"29,472",203,191,96,1,c,2,4
2000-04-13,2000,104,23525,f,n,ad,9,78.823,"26,523",202,191,104,2,c,1,1
2000-04-13,2000,104,23527,f,n,ad,10,78.690,"26,658",199,189,102,2,c,2,4
2000-04-14,2000,105,23532,f,n,ad,16,78.288,"20,038",209,198,107,3,n,0,0
2000-04-14,2000,105,23534,f,n,ad,9,78.585,"21,672",201,190,101,2,c,1,1
2000-04-20,2000,111,23538,f,n,ad,15,78.870,"28,303",213,203,105,2,c,2,4
2000-04-20,2000,111,23541,f,n,ad,11,78.890,"28,198",213,201,109,2,c,2,4
2000-04-20,2000,111,23544,f,n,ad,13,78.885,"29,368",216,206,113,2,c,2,4
2000-04-20,2000,111,23547,f,n,ad,8,78.885,"29,471",207,194,109,2,c,2,4
2000-04-20,2000,111,23550,f,n,ad,24,78.883,"28,123",202,189,109,2,c,1,1
2000-04-20,2000,111,23552,f,n,ad,20,78.888,"28,183",209,198,115,3,c,1,1
2000-04-20,2000,111,23554,f,n,ad,19,78.867,"27,905",217,202,115,2,c,2,4
2000-04-21,2000,112,23557,f,n,ad,9,76.673,"25,417",202,194,94,1,n,0,0
2000-04-21,2000,112,23560,f,n,ad,8,76.673,"25,417",214,200,116,3,n,0,0
2000-04-22,2000,113,23561,f,n,ad,13,76.703,"25,420",217,207,120,3,n,0,0
2000-04-22,2000,113,23562,f,n,ad,9,76.703,"25,420",209,201,109,3,n,0,0
2001-04-11,2001,101,23563,f,n,ad,7,76.512,"24,983",201,192,113,3,n,0,0
2001-04-11,2001,101,23564,f,n,ad,7,76.514,"25,084",201,193,117,3,n,0,0
2001-04-12,2001,102,23367,f,r,ad,21,77.993,"24,323",208,198,108,2,c,2,4
2001-04-12,2001,102,23565,f,n,ad,8,76.647,"25,370",212,204,129,4,n,0,0
2001-04-12,2001,102,23566,f,n,ad,9,76.647,"25,370",203,190,117,3,n,0,0
2001-04-13,2001,103,23573,f,n,ad,11,77.438,"22,448",208,200,100,2,n,0,0
2001-04-17,2001,107,23581,f,n,ad,18,76.513,"24,979",208,195,130,3,n,0,0
2001-04-18,2001,108,23421,f,r,ad,11,77.852,"24,985",193,187,100,3,n,0,0
2001-04-18,2001,108,23586,f,n,ad,21,77.652,"26,284",209,193,107,1,n,0,0
2001-04-19,2001,109,23587,f,n,ad,6,76.687,"25,435",201,189,109,2,c,2,4
2001-04-21,2001,111,23592,f,n,ad,5,77.094,"25,835",207,196,113,3,n,0,0
2001-04-21,2001,111,23595,f,n,ad,11,77.112,"25,415",206,194,113,2,c,2,4
2001-04-21,2001,111,23604,f,n,ad,15,76.783,"25,750",202,191,119,3,n,0,0
2001-04-22,2001,112,23030,f,r,ad,6,78.920,"28,170",207,196,106,2,c,1,1
2001-04-22,2001,112,23606,f,n,ad,5,77.433,"25,041",202,193,111,3,n,0,0
2001-04-22,2001,112,23608,f,n,ad,10,78.695,"27,285",193,185,107,3,n,0,0
2001-04-22,2001,112,23610,f,n,ad,14,78.914,"28,844",200,189,100,2,n,0,0
2001-04-22,2001,112,23611,f,n,ad,11,78.890,"28,880",213,204,127,4,n,0,0
2001-04-22,2001,112,23613,f,n,ad,8,78.390,"26,472",202,193,105,2,c,2,4
2001-04-24,2001,114,23619,f,n,ad,5,76.803,"27,303",198,191,110,2,n,0,0
2001-04-24,2001,114,23620,f,n,ad,8,76.690,"25,369",202,195,118,3,n,0,0
2001-04-24,2001,114,23622,f,n,ad,5,76.722,"25,517",201,194,121,3,n,0,0
2001-04-27,2001,117,23465,f,r,ad,5,77.084,"24,160",208,198,106,2,n,0,0
2001-04-30,2001,120,23627,f,n,ad,22,77.400,"25,890",212,200,120,3,n,0,0
2001-05-05,2001,125,23636,f,n,ad,11,77.100,"15,400",204,195,116,3,c,1,1
2002-04-07,2002,97,23641,f,n,ad,6,76.665,"25,381",209,198,111,3,n,0,0
2002-04-07,2002,97,23646,f,n,ad,16,77.280,"25,586",204,193,112,2,n,0,0
2002-04-12,2002,102,23653,f,n,ad,10,77.182,"26,764",201,189,112,2,c,2,4
2002-04-13,2002,103,23657,f,n,ad,8,77.338,"23,017",199,191,109,2,c,2,4
2002-04-13,2002,103,23662,f,n,ad,12,77.534,"22,331",210,201,118,3,n,0,0
2002-04-14,2002,104,23666,f,n,ad,9,77.279,"22,775",204,194,113,3,n,0,0
2002-04-14,2002,104,23667,f,n,ad,12,77.086,"23,223",205,193,110,3,n,0,0
2002-04-14,2002,104,23668,f,n,ad,17,77.084,"23,223",207,195,116,2,n,0,0
2002-04-14,2002,104,23669,f,n,ad,12,77.349,"22,582",217,205,122,3,n,0,0
2002-04-14,2002,104,23670,f,n,ad,5,77.528,"22,405",198,188,112,3,n,0,0
2002-04-22,2002,112,23671,f,n,ad,19,78.484,"15,751",217,203,126,4,n,0,0
2002-04-23,2002,113,23676,f,n,ad,5,78.457,"14,686",199,190,116,3,n,0,0
2002-04-24,2002,114,23237,f,r,ad,25,78.228,"19,177",203,192,118,3,n,0,0
2002-04-24,2002,114,23379,f,r,ad,7,78.050,"18,927",198,191,117,3,n,0,0
2002-04-25,2002,115,23679,f,n,ad,10,79.584,"12,383",212,198,114,2,c,2,4
2002-04-28,2002,118,7951,f,r,ad,15,79.381,"14,046",215,203,123,2,c,2,4
2002-04-30,2002,120,23688,f,n,ad,7,79.720,"14,930",214,198,103,1,c,1,1
2002-04-30,2002,120,23690,f,n,ad,5,79.721,"14,364",213,195,121,2,n,0,0
2003-04-05,2003,95,7757,f,r,ad,14,76.810,"16,800",199,190,94,2,c,2,4
2003-04-15,2003,105,23701,f,n,ad,5,77.340,"20,750",195,188,103,3,n,0,0
2003-04-16,2003,106,23705,f,n,ad,12,77.417,"21,000",213,196,107,4,n,0,0
2003-04-17,2003,107,23708,f,n,ad,18,78.330,"20,600",215,200,NA,1,n,0,0
2003-04-19,2003,109,23357,f,r,ad,7,77.500,"17,783",204,195,99,2,c,2,4
2003-04-19,2003,109,23714,f,n,ad,6,77.517,"17,817",206,191,NA,3,n,0,0
2003-04-19,2003,109,23715,f,n,ad,6,77.517,"17,700",209,195,106,3,c,1,1
2003-04-21,2003,111,7805,f,r,ad,14,78.338,"18,808",202,191,105,3,c,2,4
2003-04-21,2003,111,7969,f,r,ad,9,78.300,"18,570",206,188,110,3,n,0,0
2003-04-22,2003,112,23066,f,r,ad,8,77.459,"21,876",213,202,106,3,n,0,0
2003-04-22,2003,112,23479,f,r,ad,5,78.867,"19,083",200,192,108,3,n,0,0
2003-04-23,2003,113,23534,f,r,ad,12,78.526,"20,329",200,192,99,2,c,1,1
2003-04-26,2003,116,23723,f,n,ad,5,76.510,"25,020",203,188,117,3,n,0,0
2003-04-26,2003,116,23725,f,n,ad,11,76.691,"25,432",204,189,112,3,c,2,4
2003-04-29,2003,119,23731,f,n,ad,7,76.983,"16,250",213,202,115,2,c,1,1
2004-03-30,2004,90,23101,f,r,ad,21,77.053,"16,625",209,195,128,4,n,0,0
2004-04-03,2004,94,23735,f,n,ad,8,77.192,"17,390",208,198,102,2,c,2,4
2004-04-11,2004,102,23738,f,n,ad,21,76.968,"16,282",205,200,132,4,n,0,0
2004-04-12,2004,103,7757,f,r,ad,15,77.047,"17,248",200,188,118,3,n,0,0
2004-04-12,2004,103,23739,f,n,ad,6,77.058,"17,140",195,187,95,2,c,1,1
2004-04-15,2004,106,23742,f,n,ad,16,77.310,"22,580",209,195,120,2,n,0,0
2004-04-15,2004,106,23744,f,n,ad,16,77.395,"22,382",205,198,116,3,n,0,0
2004-04-16,2004,107,7863,f,r,ad,21,77.617,"20,950",211,202,108,2,c,2,4
2004-04-16,2004,107,23746,f,n,ad,9,78.017,"21,083",198,192,102,2,n,0,0
2004-04-20,2004,111,23634,f,r,ad,10,77.517,"15,517",197,188,98,2,n,0,0
2004-04-20,2004,111,23758,f,n,ad,9,78.333,"14,150",213,202,121,3,n,0,0
2004-04-21,2004,112,23356,f,r,ad,10,77.367,"17,617",210,200,102,2,c,2,4
2004-04-21,2004,112,23357,f,r,ad,8,77.517,"17,683",205,195,104,3,n,0,0
2004-04-21,2004,112,23764,f,n,ad,5,77.550,"17,583",208,198,101,2,c,1,1
2004-04-21,2004,112,23766,f,n,ad,8,77.133,"17,350",211,200,100,2,c,2,4
2005-04-14,2005,104,23772,f,n,ad,5,77.535,"15,299",213,204,118,3,n,0,0
2005-04-15,2005,105,23774,f,n,ad,15,77.039,"16,873",208,196,112,3,c,2,4
2005-04-15,2005,105,23779,f,n,ad,18,76.679,"17,058",211,196,104,2,c,1,1
2005-04-16,2005,106,7803,f,r,ad,20,77.022,"16,186",210,202,132,5,n,0,0
2005-04-16,2005,106,23637,f,r,subad,4,77.017,"16,343",214,204,119,3,n,0,0
2005-04-16,2005,106,23731,f,r,ad,9,77.067,"16,027",212,205,115,3,n,0,0
2005-04-16,2005,106,23781,f,n,ad,5,77.020,"15,992",213,202,120,4,n,0,0
2005-04-16,2005,106,23782,f,n,ad,5,77.129,"17,443",198,190,102,2,n,0,0
2005-04-17,2005,107,23697,f,r,ad,5,77.079,"15,958",203,195,118,3,c,1,1
2005-04-17,2005,107,23784,f,n,ad,26,77.022,"16,186",202,191,117,3,n,0,0
2005-04-19,2005,109,7815,f,r,ad,19,77.126,"17,415",209,198,121,3,c,1,1
2005-04-19,2005,109,23742,f,r,ad,17,76.580,"16,820",208,196,105,2,c,2,4
2005-04-20,2005,110,23791,f,n,ad,10,78.500,"15,000",208,193,114,3,n,0,0
2005-04-25,2005,115,7805,f,r,ad,16,78.408,"19,114",204,188,114,3,n,0,0
2005-04-25,2005,115,7955,f,r,ad,14,78.522,"19,057",209,197,117,2,n,0,0
2005-04-25,2005,115,23357,f,r,ad,9,77.552,"17,563",208,198,114,2,c,1,1
2005-04-26,2005,116,23703,f,r,ad,12,78.242,"20,638",201,190,120,1,c,1,1
2005-04-26,2005,116,23794,f,n,ad,12,77.526,"23,665",206,192,116,2,c,2,4
2005-04-27,2005,117,7757,f,r,ad,16,77.055,"17,362",201,187,135,2,c,3,4
2005-04-27,2005,117,7815,f,r,ad,19,77.153,"17,331",209,198,121,3,c,1,1
2005-04-29,2005,119,23808,f,n,ad,6,79.580,"12,500",195,184,109,3,n,0,0
2006-03-30,2006,89,23705,f,r,ad,15,77.048,"16,615",204,194,116,3,n,0,0
2006-03-30,2006,89,23731,f,r,ad,10,77.072,"16,548",215,205,111,2,c,2,4
2006-03-31,2006,90,23814,f,n,ad,9,77.019,"16,195",201,195,108,3,n,0,0
2006-03-31,2006,90,23815,f,n,ad,5,77.038,"16,056",194,185,110,3,n,0,0
2006-04-06,2006,96,23690,f,r,ad,9,79.602,"14,202",211,206,104,2,n,0,0
2006-04-07,2006,97,23824,f,n,ad,12,79.610,"13,485",207,199,121,3,n,0,0
2006-04-07,2006,97,23826,f,n,ad,7,79.713,"11,182",209,197,113,2,c,2,4
2006-04-10,2006,100,23837,f,n,ad,13,80.227,"18,038",196,185,112,3,n,0,0
2006-04-11,2006,101,23838,f,n,ad,13,80.426,"24,111",208,197,102,2,c,2,4
2006-04-11,2006,101,23841,f,n,ad,8,80.341,"23,715",209,204,105,3,n,0,0
2006-04-11,2006,101,23845,f,n,ad,8,80.266,"23,344",207,200,104,2,n,0,0
2006-04-11,2006,101,23847,f,n,ad,6,80.154,"23,628",206,198,112,2,c,2,4
2006-04-12,2006,102,23851,f,n,ad,12,80.250,"25,918",203,194,110,2,c,2,4
2006-04-12,2006,102,23854,f,n,ad,19,80.343,"24,787",205,193,99,2,c,2,4
2006-04-13,2006,103,23857,f,n,ad,18,80.640,"20,722",203,194,103,2,c,2,4
2006-04-13,2006,103,23861,f,n,ad,7,80.430,"20,303",198,189,113,3,c,1,1
2006-04-20,2006,110,23863,f,n,ad,22,80.035,"18,468",205,195,120,3,n,0,0
2006-04-24,2006,114,23274,f,r,ad,15,79.703,"21,533",203,192,107,2,c,2,4
2006-04-24,2006,114,23869,f,n,ad,15,80.181,"18,657",210,199,107,2,c,2,4
2006-04-24,2006,114,23872,f,n,ad,13,79.804,"21,266",210,197,124,4,n,0,0
2006-04-24,2006,114,23873,f,n,ad,14,79.725,"21,270",205,195,102,1,c,2,4
2007-03-26,2007,85,23831,f,r,ad,5,79.714,"12,010",205,195,104,2,n,0,0
2007-03-27,2007,86,23679,f,r,ad,15,79.590,"12,767",217,200,119,4,n,0,0
2007-03-28,2007,87,23719,f,r,ad,6,78.298,"19,282",203,189,108,3,n,0,0
2007-03-30,2007,89,23738,f,r,ad,24,76.869,"15,544",223,196,121,4,n,0,0
2007-03-30,2007,89,23887,f,n,ad,7,76.990,"16,654",208,198,120,3,n,0,0
2007-03-31,2007,90,23357,f,r,ad,11,77.549,"17,768",215,201,118,2,c,1,1
2007-03-31,2007,90,23714,f,r,ad,10,77.940,"18,568",211,198,104,2,c,2,4
2007-03-31,2007,90,23888,f,n,ad,21,76.696,"17,120",210,193,129,3,n,0,0
2007-03-31,2007,90,23892,f,n,ad,17,77.577,"18,352",206,191,100,1,n,0,0
2007-04-01,2007,91,23479,f,r,ad,9,78.336,"18,926",206,194,102,2,c,2,4
2007-04-03,2007,93,23637,f,r,ad,6,77.085,"15,957",219,206,115,2,c,2,4
2007-04-03,2007,93,23781,f,r,ad,7,76.929,"16,317",207,199,122,4,n,0,0
2007-04-05,2007,95,23903,f,n,ad,10,79.284,"13,996",211,198,113,4,n,0,0
2007-04-07,2007,97,23690,f,r,ad,10,79.435,"14,003",215,199,111,2,c,2,4
2007-04-09,2007,99,23689,f,r,ad,5,79.203,"15,733",209,201,109,3,n,0,0
2007-04-09,2007,99,23907,f,n,ad,13,79.133,"15,617",209,197,105,1,c,1,1
2007-04-09,2007,99,23909,f,n,ad,11,79.001,"16,213",211,198,114,3,n,0,0
2007-04-11,2007,101,7836,f,r,ad,15,80.217,"18,833",209,200,106,2,n,0,0
2007-04-11,2007,101,23918,f,n,ad,8,80.117,"19,316",205,188,105,4,n,0,0
2007-04-11,2007,101,23919,f,n,ad,11,80.100,"19,383",208,197,107,2,n,0,0
2008-04-08,2008,99,23808,f,r,ad,9,80.615,"19,798",200,193,NA,3,n,0,0
2008-04-09,2008,100,23924,f,n,ad,10,79.493,"17,963",204,191,99,2,c,2,4
2008-04-11,2008,102,23931,f,n,ad,8,79.693,"21,579",193,181,101,2,n,0,0
2008-04-13,2008,104,23688,f,r,ad,13,79.083,"16,036",214,202,119,4,n,0,0
2008-04-13,2008,104,23689,f,r,ad,6,79.209,"15,850",215,205,101,2,c,1,1
2008-04-13,2008,104,23802,f,r,ad,5,79.008,"16,119",210,197,115,3,n,0,0
2008-04-14,2008,105,23824,f,r,ad,14,79.731,"12,222",215,205,127,4,n,0,0
2008-04-14,2008,105,23831,f,r,ad,6,79.657,"12,162",205,197,107,3,n,0,0
2008-04-14,2008,105,23909,f,r,ad,12,79.333,"13,929",212,201,107,2,c,2,4
2008-04-16,2008,107,23881,f,r,ad,5,79.646,"12,231",205,195,106,3,n,0,0
2008-04-18,2008,109,23944,f,n,ad,5,77.043,"16,664",196,187,112,3,n,0,0
2008-04-19,2008,110,23945,f,n,ad,9,77.550,"22,122",204,192,120,3,n,0,0
2008-04-20,2008,111,23731,f,r,ad,12,77.035,"16,320",215,204,112,2,n,0,0
2008-04-20,2008,111,23781,f,r,ad,8,77.054,"16,994",209,195,118,2,c,2,4
2008-04-20,2008,111,23948,f,n,ad,16,76.720,"16,162",204,193,110,2,n,0,0
2008-04-21,2008,112,23703,f,r,ad,15,78.582,"21,000",208,189,110,2,c,1,1
2008-04-21,2008,112,23719,f,r,ad,7,78.516,"20,139",205,190,109,2,n,0,0
2008-04-22,2008,113,23732,f,r,ad,5,76.975,"16,270",202,191,107,3,n,0,0
2008-04-24,2008,115,23500,f,r,ad,8,78.115,"22,313",205,195,121,3,n,0,0
2008-04-24,2008,115,23958,f,n,ad,5,78.206,"21,942",195,183,108,2,c,1,1
2008-04-25,2008,116,7757,f,r,ad,19,77.343,"17,767",200,191,117,2,c,2,4
2008-04-25,2008,116,23966,f,n,ad,14,77.748,"18,477",208,197,113,2,c,2,4
2008-04-26,2008,117,23970,f,n,ad,10,76.962,"16,187",198,186,107,2,n,0,0
2008-04-27,2008,118,7802,f,r,ad,28,77.493,"18,236",205,188,111,2,n,0,0
2008-04-27,2008,118,7803,f,r,ad,23,77.250,"17,761",208,197,112,2,c,1,1
2008-04-28,2008,119,23634,f,r,ad,14,77.404,"16,230",201,190,108,2,c,2,4
2008-05-01,2008,122,23343,f,r,ad,11,77.155,"17,402",201,190,107,2,c,2,4
2008-05-01,2008,122,23361,f,r,ad,12,77.377,"18,026",212,201,118,3,n,0,0
2009-03-28,2009,87,23881,f,r,ad,6,79.770,"11,957",202,190,97,1,n,0,0
2009-03-29,2009,88,23826,f,r,ad,10,79.658,"12,126",205,194,108,2,c,2,4
2009-04-01,2009,91,23688,f,r,ad,14,79.540,"13,837",217,206,126,3,n,0,0
2009-04-01,2009,91,23882,f,r,ad,5,79.618,"12,737",208,196,110,2,n,0,0
2009-04-02,2009,92,23990,f,n,ad,12,78.886,"16,442",217,203,128,4,n,0,0
2009-04-06,2009,96,23924,f,r,ad,11,79.481,"18,035",201,190,117,4,n,0,0
2009-04-06,2009,96,23993,f,n,ad,9,79.817,"17,809",199,192,104,2,c,2,4
2009-04-13,2009,103,23998,f,n,ad,5,78.612,"20,939",200,189,110,3,n,0,0
2009-04-14,2009,104,23106,f,r,ad,19,78.194,"20,434",220,209,110,2,c,3,4
2009-04-15,2009,105,23029,f,r,ad,21,76.934,"25,155",211,199,132,3,n,0,0
2009-04-15,2009,105,26002,f,n,ad,13,76.703,"25,451",210,201,120,4,n,0,0
2009-04-16,2009,106,23639,f,r,ad,9,78.186,"19,140",195,189,100,2,c,2,4
2009-04-16,2009,106,26007,f,n,ad,5,78.045,"18,950",190,176,110,3,n,0,0
2009-04-18,2009,108,23731,f,r,ad,13,77.039,"16,796",218,205,115,3,c,1,1
2009-04-18,2009,108,23732,f,r,ad,6,76.989,"16,536",200,192,110,2,n,0,0
2009-04-18,2009,108,26009,f,n,ad,5,76.914,"16,264",191,181,112,3,n,0,0
2009-04-22,2009,112,23479,f,r,ad,11,78.510,"18,844",200,191,108,1,c,1,1
2009-04-25,2009,115,26018,f,n,ad,18,77.669,"18,335",214,197,114,3,c,1,1
2010-03-23,2010,82,23637,f,r,ad,9,76.989,"16,242",219,206,118,2,n,0,0
2010-03-24,2010,83,26009,f,r,ad,6,78.600,"19,877",199,188,108,2,n,0,0
2010-03-29,2010,88,26023,f,n,ad,9,78.531,"22,069",191,181,110,3,n,0,0
2010-04-01,2010,91,23917,f,r,ad,7,78.590,"20,817",190,182,110,3,n,0,0
2010-04-08,2010,98,26025,f,n,ad,13,78.598,"21,123",205,190,113,3,c,2,4
2010-04-10,2010,100,23379,f,r,ad,15,78.614,"21,087",207,194,119,3,n,0,0
2010-04-10,2010,100,23604,f,r,ad,24,78.083,"20,792",196,189,129,3,n,0,0
2010-04-10,2010,100,26028,f,n,ad,5,78.579,"22,025",191,185,101,3,n,0,0
2010-04-13,2010,103,7773,f,r,ad,23,78.551,"19,749",208,194,111,3,n,0,0
2010-04-13,2010,103,23694,f,r,ad,16,78.341,"19,376",207,197,105,2,n,0,0
2010-04-13,2010,103,23719,f,r,ad,9,78.442,"19,305",207,196,105,3,n,0,0
2010-04-13,2010,103,26030,f,n,ad,6,78.675,"20,738",196,186,106,2,n,0,0
2010-04-16,2010,106,23992,f,r,ad,5,78.445,"16,358",200,193,133,3,n,0,0
2010-04-16,2010,106,26031,f,n,ad,17,78.550,"14,400",210,197,116,3,n,0,0
2010-04-16,2010,106,26032,f,n,ad,5,78.627,"16,625",203,195,116,3,n,0,0
2010-04-17,2010,107,26033,f,n,ad,11,78.500,"14,587",205,195,113,2,c,1,1
2010-04-18,2010,108,23425,f,r,ad,18,77.798,"17,056",198,190,126,4,n,0,0
2010-04-18,2010,108,23944,f,r,ad,7,77.448,"16,448",210,196,115,3,n,0,0
2010-04-19,2010,109,26036,f,n,ad,13,76.873,"15,965",196,187,113,3,n,0,0
2010-04-28,2010,118,23979,f,r,ad,14,78.250,"15,670",200,191,120,3,n,0,0
2011-04-04,2011,94,23992,f,r,ad,6,78.539,"16,171",208,195,122,3,c,1,1
2011-04-07,2011,97,23803,f,r,ad,7,79.695,"12,043",194,180,97,2,n,0,0
2011-04-07,2011,97,23831,f,r,ad,9,79.597,"12,339",213,200,108,3,c,2,4
2011-04-08,2011,98,23688,f,r,ad,16,79.714,"14,163",214,203,111,2,c,2,4
2011-04-08,2011,98,23937,f,r,ad,6,79.435,"15,509",216,203,116,3,n,0,0
2011-04-08,2011,98,23939,f,r,ad,7,79.447,"15,446",211,198,113,2,n,0,0
2011-04-10,2011,100,26044,f,n,ad,11,80.398,"22,225",208,196,106,2,c,2,4
2011-04-10,2011,100,26047,f,n,ad,9,80.390,"22,175",210,197,116,3,n,0,0
2011-04-18,2011,108,23639,f,r,ad,11,78.291,"19,176",197,184,102,2,c,2,4
2011-04-19,2011,109,26018,f,r,ad,20,78.461,"18,922",212,199,114,3,c,3,4
2011-04-19,2011,109,26050,f,n,ad,5,78.206,"20,420",206,197,104,3,n,0,0
2011-04-19,2011,109,26054,f,n,ad,13,78.582,"21,088",216,204,126,3,n,0,0
2011-04-23,2011,113,23423,f,r,ad,25,78.590,"21,557",201,195,111,3,n,0,0
2011-04-23,2011,113,23731,f,r,ad,15,76.967,"16,322",216,199,109,2,c,1,1
2011-04-23,2011,113,23732,f,r,ad,8,77.013,"16,420",200,190,106,2,c,1,1
2011-04-23,2011,113,23811,f,r,ad,5,76.914,"16,279",201,193,111,3,n,0,0
2011-04-26,2011,116,23966,f,r,ad,17,77.559,"15,816",208,198,116,3,c,2,4
2012-04-04,2012,95,26066,f,n,ad,14,79.568,"20,470",197,188,121,4,n,0,0
2012-04-04,2012,95,26068,f,n,ad,12,79.562,"21,247",200,190,113,2,c,2,4
2012-04-05,2012,96,23931,f,r,ad,12,79.703,"21,202",195,183,121,3,c,1,1
2012-04-05,2012,96,26072,f,n,ad,14,79.572,"20,574",212,199,128,4,n,0,0
2012-04-05,2012,96,26073,f,n,subad,4,79.685,"20,676",191,183,107,3,n,0,0
2012-04-07,2012,98,26075,f,n,ad,24,79.690,"20,631",202,194,114,3,n,0,0
2012-04-08,2012,99,7951,f,r,ad,25,79.311,"14,044",216,205,117,2,n,0,0
2012-04-08,2012,99,23939,f,r,ad,8,79.489,"13,788",211,203,116,2,n,0,0
2012-04-08,2012,99,23989,f,r,ad,7,79.535,"15,234",214,207,112,3,n,0,0
2012-04-09,2012,100,23906,f,r,ad,9,79.472,"13,692",195,191,99,2,c,1,1
2012-04-09,2012,100,23909,f,r,ad,16,79.518,"13,332",211,203,117,2,n,0,0
2012-04-14,2012,105,23980,f,r,ad,6,77.777,"14,617",203,192,111,3,n,0,0
2012-04-17,2012,108,26025,f,r,ad,15,78.520,"20,210",206,197,119,3,n,0,0
2012-04-18,2012,109,23347,f,r,ad,28,78.560,"20,702",204,193,115,2,n,0,0
2012-04-18,2012,109,26084,f,n,ad,8,78.588,"21,184",212,200,125,3,n,0,0
2012-04-19,2012,110,23719,f,r,ad,11,78.533,"20,347",203,189,103,2,c,2,4
2012-04-19,2012,110,26088,f,n,ad,7,77.315,"23,027",213,199,127,3,c,2,4
2012-04-20,2012,111,26009,f,r,ad,8,78.508,"18,831",205,191,113,2,c,2,4
2012-04-20,2012,111,26095,f,n,ad,5,78.150,"19,170",201,193,109,3,n,0,0
2012-04-21,2012,112,23479,f,r,ad,14,78.479,"19,084",205,191,105,2,c,2,4
2012-04-24,2012,115,26098,f,n,ad,11,77.935,"23,592",217,204,124,4,n,0,0
2012-04-25,2012,116,26099,f,n,ad,11,78.586,"21,119",216,210,127,3,n,0,0
2012-04-27,2012,118,23393,f,r,ad,20,78.273,"22,962",201,189,113,2,c,1,1
2012-04-27,2012,118,26102,f,n,ad,5,78.655,"20,229",195,183,104,3,n,0,0
2012-04-27,2012,118,26103,f,n,ad,15,77.738,"18,483",217,203,120,3,n,0,0
2012-04-28,2012,119,23361,f,r,ad,16,77.427,"17,719",212,200,116,3,c,2,4
2013-04-06,2013,96,23980,f,r,ad,7,77.515,"14,708",207,199,120,3,n,0,0
2013-04-06,2013,96,26131,f,n,ad,7,77.513,"14,660",200,192,110,2,n,0,0
2013-04-08,2013,98,23637,f,r,ad,12,77.004,"16,406",220,215,124,3,n,0,0
2013-04-09,2013,99,26135,f,n,ad,9,77.030,"16,932",218,208,120,4,n,0,0
2013-04-10,2013,100,26095,f,r,ad,6,77.930,"24,223",207,200,106,2,n,0,0
2013-04-10,2013,100,26137,f,n,ad,5,77.032,"22,848",206,196,100,1,c,2,4
2013-04-11,2013,101,26141,f,n,ad,7,76.676,"25,478",201,192,118,3,n,0,0
2013-04-11,2013,101,26143,f,n,ad,11,76.605,"22,902",206,197,121,4,n,0,0
2013-04-13,2013,103,23881,f,r,ad,10,79.830,"11,825",209,200,103,2,n,0,0
2013-04-13,2013,103,26147,f,n,ad,12,79.711,"12,275",209,200,130,3,c,2,4
2013-04-14,2013,104,7951,f,r,ad,26,79.665,"13,659",222,205,121,3,n,0,0
2013-04-14,2013,104,23909,f,r,ad,17,79.352,"13,932",212,204,108,2,c,2,4
2013-04-15,2013,105,26153,f,n,ad,10,79.542,"13,823",208,191,109,2,c,2,4
2013-04-16,2013,106,26157,f,n,ad,8,80.253,"19,006",209,205,114,2,c,2,4
2013-04-16,2013,106,26160,f,n,ad,14,80.174,"18,267",216,208,102,1,c,2,4
2013-04-17,2013,107,26165,f,n,ad,12,80.085,"19,180",219,214,121,3,n,0,0
2013-04-18,2013,108,26068,f,r,ad,13,79.755,"19,491",197,192,122,4,n,0,0
2013-04-18,2013,108,26168,f,n,ad,12,79.543,"21,119",197,186,108,3,c,2,4
2013-04-18,2013,108,26171,f,n,ad,8,79.755,"19,491",215,196,125,4,n,0,0
2013-04-19,2013,109,26172,f,n,ad,13,79.721,"21,875",195,190,113,3,n,0,0
2013-04-20,2013,110,23689,f,r,ad,11,79.176,"16,044",216,203,113,3,n,0,0
2013-04-20,2013,110,23937,f,r,ad,8,79.162,"15,647",223,211,106,2,c,1,1
2013-04-29,2013,119,23360,f,r,ad,21,77.652,"18,695",204,192,100,2,c,1,1
2013-04-29,2013,119,23639,f,r,ad,13,78.110,"19,112",201,185,108,3,n,0,0
2014-03-31,2014,90,23952,f,r,ad,6,78.557,"20,768",200,192,102,2,n,0,0
2014-03-31,2014,90,26200,f,n,ad,19,78.670,"20,973",198,193,114,3,n,0,0
2014-04-02,2014,92,23980,f,r,ad,8,77.632,"15,278",206,195,115,3,c,2,4
2014-04-03,2014,93,26177,f,r,2yr,2,78.561,"19,199",165,159,101,3,n,0,0
2014-04-03,2014,93,26204,f,n,ad,8,78.606,"21,699",188,180,102,3,n,0,0
2014-04-05,2014,95,26209,f,n,ad,11,78.506,"18,809",212,203,122,4,n,0,0
2014-04-06,2014,96,23732,f,r,ad,11,77.064,"16,516",203,198,136,4,n,0,0
2014-04-06,2014,96,26131,f,r,ad,8,77.481,"14,697",201,190,121,3,n,0,0
2014-04-07,2014,97,23689,f,r,ad,12,79.504,"13,894",215,208,121,3,n,0,0
2014-04-07,2014,97,23909,f,r,ad,18,79.295,"13,937",213,198,122,3,n,0,0
2014-04-12,2014,102,23882,f,r,ad,10,79.565,"12,723",205,196,120,3,n,0,0
2014-04-13,2014,103,26212,f,n,ad,16,79.534,"21,164",187,181,86,1,n,0,0
2014-04-14,2014,104,26107,f,r,subad,4,79.439,"17,819",205,195,108,3,n,0,0
2014-04-16,2014,106,26217,f,n,ad,10,80.674,"20,800",211,205,117,3,n,0,0
2014-04-16,2014,106,26219,f,n,ad,6,80.676,"20,769",199,188,117,3,n,0,0
2014-04-16,2014,106,26220,f,n,ad,8,80.631,"19,907",198,193,124,3,n,0,0
2014-04-22,2014,112,23944,f,r,ad,11,77.886,"18,201",212,202,124,4,n,0,0
2014-04-23,2014,113,23881,f,r,ad,11,79.832,"12,282",212,200,108,2,c,1,1
2014-04-24,2014,114,23219,f,r,ad,20,78.311,"22,666",204,198,115,4,n,0,0
2014-04-24,2014,114,26179,f,r,ad,11,78.402,"22,220",200,194,99,2,n,0,0
2014-04-24,2014,114,26224,f,n,ad,6,78.035,"23,329",200,195,109,3,n,0,0
2014-04-26,2014,116,23956,f,r,ad,9,78.202,"22,280",202,189,107,3,n,0,0
2014-04-26,2014,116,26113,f,r,ad,7,77.959,"21,328",205,196,112,3,n,0,0
2014-04-26,2014,116,26225,f,n,ad,19,78.192,"20,432",212,202,116,3,n,0,0
2014-04-27,2014,117,26226,f,n,ad,7,78.736,"14,119",199,190,108,3,c,1,1
2015-04-02,2015,92,26113,f,r,ad,8,78.559,"21,020",202,193,110,3,n,0,0
2015-04-03,2015,93,23952,f,r,ad,7,78.454,"20,517",202,188,111,3,n,0,0
2015-04-04,2015,94,26117,f,r,ad,16,78.601,"20,575",203,193,109,2,c,1,1
2015-04-04,2015,94,26179,f,r,ad,12,78.704,"20,216",203,194,118,3,n,0,0
2015-04-11,2015,101,23500,f,r,ad,15,78.364,"22,286",204,192,105,2,c,2,4
2015-04-15,2015,105,23688,f,r,ad,20,79.112,"15,100",214,207,109,3,n,0,0
2015-04-15,2015,105,23689,f,r,ad,13,79.151,"16,069",215,205,106,2,c,1,1
2015-04-21,2015,111,23803,f,r,ad,11,79.321,"14,027",194,184,109,3,n,0,0
2015-04-21,2015,111,23939,f,r,ad,11,79.479,"13,945",215,203,113,2,c,1,1
2015-04-21,2015,111,26018,f,r,ad,24,79.223,"15,952",213,201,112,2,c,3,4
2015-04-22,2015,112,26165,f,r,ad,14,80.109,"19,361",218,211,134,4,n,0,0
2015-04-22,2015,112,26241,f,n,ad,8,80.152,"19,380",199,191,109,3,n,0,0
2015-04-24,2015,114,26243,f,n,ad,8,80.287,"22,207",214,201,100,1,c,2,4
2015-04-25,2015,115,23872,f,r,ad,22,79.809,"20,689",209,193,112,2,c,1,1
2015-04-25,2015,115,23935,f,r,ad,11,79.693,"21,857",199,190,111,2,c,2,4
2015-04-28,2015,118,23732,f,r,ad,12,77.024,"16,433",198,188,118,2,c,2,4
2015-04-28,2015,118,23811,f,r,ad,9,77.146,"17,389",206,195,104,2,c,2,4
2015-04-29,2015,119,23479,f,r,ad,17,78.530,"18,880",207,195,108,2,c,2,4
2016-04-04,2016,95,23688,f,r,ad,21,79.413,"13,692",218,207,104,2,c,1,1
2016-04-05,2016,96,23689,f,r,ad,14,79.497,"13,918",220,204,120,3,n,0,0
2016-04-05,2016,96,23803,f,r,ad,12,79.336,"14,111",196,184,100,2,c,1,1
2016-04-06,2016,97,23802,f,r,ad,13,79.14,"16,244",209,197,127,3,n,0,0
2016-04-06,2016,97,23937,f,r,ad,11,79.004,"16,253",224,211,124,3,n,0,0
2016-04-06,2016,97,23940,f,r,ad,8,79.984,"15,999",207,196,126,3,n,0,0
2016-04-07,2016,98,26175,f,r,ad,5,79.107,"20,158",202,195,116,3,n,0,0
2016-04-07,2016,98,26263,f,n,ad,7,79.097,"19,836",203,194,121,3,n,0,0
2016-04-08,2016,99,26265,f,n,ad,15,79.018,"21,905",208,198,128,3,n,0,0
2016-04-09,2016,100,26084,f,r,ad,12,78.887,"21,486",217,204,124,3,c,1,1
2016-04-10,2016,101,26269,f,n,ad,6,78.861,"29,182",212,202,124,3,n,0,0
2016-04-10,2016,101,26271,f,n,ad,14,78.914,"28,227",213,200,135,4,n,0,0
2016-04-13,2016,104,23637,f,r,ad,15,76.98,"16,603",227,211,139,3,n,0,0
2016-04-13,2016,104,26225,f,r,ad,21,77.782,"18,407",212,200,115,3,n,0,0
2016-04-14,2016,105,23944,f,r,ad,13,77.906,"18,17",213,197,123,3,c,2,4
2016-04-15,2016,106,23745,f,r,ad,14,77.557,"23,045",204,193,111,2,c,2,4
2016-04-15,2016,106,26088,f,r,ad,11,77.523,"22,874",214,200,133,3,n,0,0
2016-04-16,2016,107,23952,f,r,ad,8,78.5445,"20,7319",205,195,109,2,n,0,0
2016-04-16,2016,107,23958,f,r,ad,13,78.2172,"20,7184",199,179,109,2,c,2,4
2016-04-16,2016,107,26279,f,n,ad,21,78.4928,"20,1839",214,201,118,3,n,0,0
2016-04-18,2016,109,23732,f,r,ad,13,77.009,"16,508",201,192,118,3,n,0,0
2016-04-18,2016,109,23811,f,r,ad,10,77.069,"17,307",205,197,120,3,n,0,0
2016-04-18,2016,109,26131,f,r,ad,10,77.505,"15,869",203,187,103,2,c,2,4
2016-04-20,2016,111,26102,f,r,ad,9,78.745,"21,375",192,182,107,2,c,2,4
2016-04-20,2016,111,26287,f,n,ad,7,78.584,"21,111",194,186,109,3,n,0,0
2016-04-23,2016,114,23979,f,r,ad,20,77.506,"15,899",200,190,122,3,n,0,0
2016-04-23,2016,114,23980,f,r,ad,10,77.846,"16,476",204,193,104,2,n,0,0
2016-04-25,2016,116,26288,f,n,ad,14,78.881,"20,51",203,189,106,2,c,1,1
2016-04-25,2016,116,26292,f,n,ad,8,78.27,"23,351",199,192,125,4,n,0,0
2016-04-26,2016,117,23881,f,r,ad,13,79.812,"11,852",214,200,103,2,n,0,0
2017-03-24,2017,83,26052,f,r,ad,6,78.657,"16,91",213,202,128,3,n,0,0
2017-03-27,2017,86,23980,f,r,ad,11,77.752,"16,158",205,192,115,2,c,2,4
2017-03-28,2017,87,23992,f,r,ad,12,78.938,"16,456",211,201,123,3,c,2,4
2017-03-29,2017,88,26209,f,r,ad,14,78.342,"19,078",209,202,115,2,n,0,0
2017-04-01,2017,91,26088,f,r,ad,12,77.58,"22,736",210,199,120,2,c,1,1
2017-04-02,2017,92,26179,f,r,ad,14,78.848,"21,299",203,192,105,2,c,1,1
2017-04-07,2017,97,23703,f,r,ad,24,77.709,"18,37",203,189,118,3,n,0,0
2017-04-07,2017,97,26205,f,r,ad,14,78.432,"19,255",204,192,112,3,n,0,0
2017-04-07,2017,97,26302,f,n,ad,6,78.607,"19,811",202,190,113,3,n,0,0
2017-04-11,2017,101,26027,f,r,ad,7,78.8848,"21,0647",188,178,103,2,n,0,0
2017-04-13,2017,103,23732,f,r,ad,14,76.993,"16,2528",201,192,110,2,n,0,0
2017-04-13,2017,103,23811,f,r,ad,11,77.0818,"16,4007",203,196,107,2,c,2,4
2017-04-22,2017,112,23882,f,r,ad,13,79.6569,"12,3101",209,199,118,4,n,0,0
2017-04-23,2017,113,23500,f,r,ad,17,78.116,"23,464",203,191,114,3,n,0,0
2017-04-23,2017,113,23956,f,r,ad,12,78.566,"21,992",197,187,110,3,n,0,0
2017-04-24,2017,114,26313,f,n,subad,4,77.319,"23,231",197,188,105,3,n,0,0
2018-04-03,2018,93,23944,f,r,ad,15,77.892,"18,13",212,201,120,2,c,2,4
2018-04-03,2018,93,26103,f,r,ad,21,77.584,"18,414",220,200,126,3,n,0,0
2018-04-04,2018,94,26110,f,r,ad,6,78.552,"19,161",198,186,117,2,n,0,0
2018-04-08,2018,98,26010,f,r,ad,10,78.977,"21,422",189,181,113,3,n,0,0
2018-04-10,2018,100,23952,f,r,ad,10,78.494,"20,119",208,197,124,3,c,1,1
2018-04-10,2018,100,23977,f,r,ad,11,77.464,"22,32",203,190,108,3,n,0,0
2018-04-14,2018,104,26327,f,n,ad,6,76.684,"25,349",204,198,112,2,n,0,0
2018-04-14,2018,104,26328,f,n,ad,8,77.521,"22,062",203,191,121,3,n,0,0
2018-04-17,2018,107,23500,f,r,ad,18,78.246,"22,666",209,195,106,2,c,2,4
2018-04-17,2018,107,26209,f,r,ad,15,77.769,"18,455",211,205,108,2,c,1,1
2018-04-18,2018,108,26185,f,r,ad,22,77.512,"18,048",210,198,129,3,n,0,0
2018-04-19,2018,109,26253,f,r,ad,6,78.193,"20,361",194,186,109,3,c,1,1
2018-04-20,2018,110,26263,f,r,ad,9,78.96,"20,824",200,188,109,3,n,0,0
2018-04-20,2018,110,26335,f,n,ad,24,78.915,"20,428",206,196,117,2,c,2,4
2018-04-22,2018,112,26052,f,r,ad,7,78.724,"14,733",212,199,123,2,c,1,1
2018-04-23,2018,113,23802,f,r,ad,15,79.239,"16,065",213,198,121,2,n,0,0
2018-04-23,2018,113,23939,f,r,ad,14,78.976,"16,175",212,201,108,1,c,2,4
2018-04-24,2018,114,23689,f,r,ad,16,79.471,"13,796",214,202,107,1,c,2,4
2018-04-24,2018,114,23882,f,r,ad,14,79.558,"12,757",210,201,112,2,c,1,1
2018-04-24,2018,114,23940,f,r,ad,10,79.161,"15,9",207,198,108,1,c,2,4
2018-04-25,2018,115,26079,f,r,ad,10,79.691,"13,223",206,194,108,1,c,2,4
2018-04-26,2018,116,23732,f,r,ad,15,77.023,"16,362",203,197,115,3,n,0,0
2019-04-01,2019,91,26350,f,n,ad,8,77.562,22.878,200,190,103,2,c,2,4
2019-04-02,2019,92,26353,f,n,ad,6,77.175,23.327,192,184,116,3,n,0,0
2019-04-03,2019,93,26193,f,r,ad,15,77.617,24.624,201,191,111,3,n,0,0
2019-04-04,2019,94,26358,f,n,ad,11,78.835,26.506,211,203,114,3,n,0,0
2019-04-07,2019,97,23811,f,r,ad,13,77.064,16.623,207,196,110,2,n,0,0
2019-04-07,2019,97,26131,f,r,ad,13,77.025,16.251,204,195,119,3,n,0,0
2019-04-08,2019,98,26110,f,r,ad,7,78.268,18.972,194,184,114,3,n,0,0
2019-04-22,2019,112,26084,f,r,ad,15,78.879,21.543,210,201,124,2,n,0,0
2019-04-22,2019,112,26263,f,r,ad,10,79.073,19.744,199,189,120,3,n,0,0
2019-04-22,2019,112,26361,f,n,ad,25,78.985,19.979,207,194,123,3,n,0,0
